[
  {
    "model": "institutions.institution",
    "pk": 1,
    "fields": {
      "domain": null,
      "domain_url": "lvh.me",
      "schema_name": "public",
      "paid_until": "2014-12-05",
      "created_on": "2015-07-06",
      "sub_domain": null,
      "code_name": "",
      "on_trial": false,
      "name": "My First Tenant"
    }
  },
  {
    "model": "django.contrib.auth.models.Group",
    "pk": 1,
    "fields": {
      "name": "admin"
    }
  },
  {
    "model": "django.contrib.auth.models.Group",
    "pk": 2,
    "fields": {
      "name": "student"
    }
  },
  {
    "model": "django.contrib.auth.models.Group",
    "pk": 3,
    "fields": {
      "name": "teacher"
    }
  },
  {
    "model": "django.contrib.auth.models.Group",
    "pk": 4,
    "fields": {
      "name": "editor"
    }
  },
  {
    "fields": {
      "username": "admin",
      "first_name": "",
      "last_name": "",
      "is_active": true,
      "is_superuser": true,
      "is_staff": true,
      "last_login": "2015-07-08T11:15:02.686",
      "groups": [1],
      "user_permissions": [],
      "password": "pbkdf2_sha256$12000$XzRVR5YD8wmw$5y4iAJjGxQcFnb4szZKhO8U/tC3K7ziHYyTDeV+2gD0=",
      "email": "admin@admin.com",
      "date_joined": "2015-07-08T11:15:02.686"
    },
    "model": "auth.user",
    "pk": 1
  }
]