[
  {
    "model": "auth.user",
    "pk": 1,
    "fields": {
      "username": "admin",
      "first_name": "",
      "last_name": "",
      "is_active": true,
      "is_superuser": true,
      "is_staff": true,
      "last_login": "2015-07-08T11:15:02.686",
      "groups": [1],
      "user_permissions": [],
      "password": "pbkdf2_sha256$12000$XzRVR5YD8wmw$5y4iAJjGxQcFnb4szZKhO8U/tC3K7ziHYyTDeV+2gD0=",
      "email": "admin@admin.com",
      "date_joined": "2015-07-08T11:15:02.686"
    }
  }
]